temp,vib,pres,RUL
77.48357076505616,0.07798710873172005,99.64964345005124,75.6198216077889
74.30867849414408,0.06849267365825538,100.71096265856896,85.96333825850176
78.23844269050346,0.051192607398403485,99.41516015800008,82.45738207246909
82.61514928204012,0.037061264445888524,100.38407694072193,81.13282386142242
73.82923312638331,0.0639644662722718,97.21277066609242,90.66174674184653
73.8293152152541,0.057869707708435,101.42658741474588,88.09646488960503
82.89606407753696,0.06790386440055465,101.00241095072445,71.59917154365043
78.83717364576455,0.0627034360336394,99.36582273786362,76.69035752386628
72.65262807032524,0.0709910543063867,102.31849133686481,92.66191510584633
77.71280021792982,0.039295295768788645,102.87514027525312,85.77309110674686
72.68291153593769,0.07634788131268652,97.78488027126205,89.17732828810898
72.67135123214871,0.053951992093847996,99.47455044286757,96.51849241201737
76.20981135783018,0.09150521745250531,99.4617153004254,76.7050066566701
65.43359877671101,0.03621624363820865,99.12019379778226,100.0
66.37541083743484,0.08471927606330498,102.6589496838635,99.13812445977732
72.18856235379513,0.05395821566925296,100.61234772245439,96.90798986059778
69.93584439832789,0.036971639927711034,100.47097031737877,99.69529106684834
76.57123666297637,0.04032228331891357,96.99227527118649,83.1287588140434
70.45987962239394,0.0435930538361136,102.27083606041845,99.4593122711714
67.93848149332354,0.05848331892803833,98.52148321029306,100.0
82.32824384460777,0.06045670976070999,101.11986526053266,75.65269385812012
73.87111849756732,0.03852599992122842,101.55475387591639,93.62624029644887
75.33764102343962,0.04951290815478034,103.7213171916773,88.5992831079327
67.87625906893271,0.09284540717223727,98.38235920176177,97.98620189619862
72.27808637737408,0.08455086340201423,94.96097568835835,84.79417116545817
75.55461294854933,0.058726473393480645,101.36769908950738,86.36843787383918
69.24503211288848,0.050760069563364006,104.60102236302171,100.0
76.87849009172837,0.05240062653436523,103.47789270587887,86.66133195224029
71.99680655040598,0.062270359454608334,101.41931883054926,92.53270162188461
73.54153125103362,0.02954414869603189,100.01672762873591,97.07698978213807
71.99146693885301,0.0448524692515331,102.61424519327463,92.06991756516138
84.26139092254469,0.016628318522448213,99.05290760059107,76.83505762575328
74.93251387631032,0.05798446245210559,101.95271553871244,89.44509718206717
69.71144535522049,0.06294391879405482,102.01094031833325,96.0237374622387
79.11272456051594,0.040336270754012526,103.12041981499776,83.8252651713448
68.89578175014489,0.08147973526580066,106.51932007782216,96.80623444815548
76.04431797502377,0.025484686739953178,101.78483193435753,92.12932830024629
65.20164938060113,0.0207125023958036,99.982072748585,100.0
68.35906975550785,0.054489036371199444,100.94885137561602,100.0
75.98430617934562,0.0709419660522431,97.46184819022176,83.42977187146803
78.69233289997705,0.08367855382915737,99.61057373782188,77.10005577339288
75.85684140594985,0.0408223147426212,100.1814351237738,90.43580016151293
74.4217585880588,0.07157361666862591,99.95182320413082,85.66869695102936
73.49448152205356,0.049229830609985856,101.30470974406744,93.6135036424773
67.60739004816287,0.04654745400118361,99.3551601352356,100.0
71.40077895802645,0.06767319874973345,103.24206133464894,89.56391977684545
72.69680614520107,0.06304645756826839,101.0004141298364,94.31524432585599
80.28561113109458,0.018472156860315017,100.98139935772276,85.06183688838568
76.71809144784231,0.07953080699451792,100.34421056697417,81.50863557189226
66.18479922318633,0.07760182708294903,101.31038136771795,100.0
76.62041984697397,0.03748874596980942,102.65019652933528,86.51806371762925
73.07458859791842,0.05791607066874818,99.2657395685782,90.84872666555843
71.6153899984702,0.05988060372565478,99.68376702184949,94.21600186617722
78.05838144420434,0.05521347531647815,100.39254794244667,81.27303500604683
80.15499761247976,0.0389938969230916,98.30825815305357,85.36109854209577
79.65640059558099,0.03656753264123897,99.36148428055701,81.66014809293664
70.80391238388681,0.0494889185801711,100.04755825291068,97.38329795721843
73.45393812074393,0.07345458038518729,102.74877836142545,88.80998574468065
76.65631715701782,0.06087200309188865,101.52512265800385,82.10866601543444
79.8777256356118,0.042587713358277886,101.38717982273509,80.9356446336083
72.60412881077355,0.0654339742129669,102.70179592433594,92.33985405835988
74.07170511668092,-0.006970852412601508,100.7252564232012,100.0
69.46832512996986,0.07297531400744207,101.78092969985778,96.28151322077198
69.01896687959665,0.01520572442443801,100.793556494135,100.0
79.06262911197099,0.04275118117193736,101.53072469879926,80.29556492330902
81.78120014285412,0.027606602107477125,99.83448268477683,81.55946571547481
74.63994939209833,0.024106370485581886,96.12236568344714,99.40869326198145
80.01766448946012,0.0732165357475704,100.7314416756274,75.35816713313257
76.80818012523817,0.040645975973762176,103.84549627219988,88.70497278926632
71.77440122697438,0.056930077634614315,102.85243080448319,96.45062752936211
76.80697802754207,0.04906158842241632,102.93079496918234,84.03506526733919
82.69018283232984,0.05954081654446243,103.47226144361244,76.11650034270706
74.82086980445024,0.05153643782120511,101.17731518192288,90.45563041970411
82.82321827907003,0.02434015551622861,101.39463141481119,82.74924613679242
61.901274479551276,0.0699253363889428,99.7646962091313,100.0
79.10951252187611,0.040124868336773756,100.3678542879459,87.39212513400868
75.43523534119086,0.01886836202680498,102.23154229954228,96.90616790032685
73.50496324767066,0.04143769678068175,103.40776887433763,95.80861432022705
75.45880388267751,0.08001519581268622,100.721107448638,83.54740198081402
65.06215542699553,0.06700443484226987,100.09962147029718,100.0
73.90164056081244,0.04302695731184282,101.00105591771319,95.9923907329543
76.78556285755873,0.04301484591363143,102.20241349785823,88.10662484185235
82.38947022370758,0.04356729897565235,98.11229036773291,72.57346035028007
72.40864890863176,0.09153495967121683,96.40763809372552,84.6413373250791
70.95753198553406,0.05763870904463107,99.89892630101683,96.18550271562017
72.49121478207732,0.058600832943821395,98.55857514817168,93.9174018134122
79.57701058851038,0.07060566908063684,99.98371960470539,76.61166802905208
76.64375554829843,0.05477578318053027,100.70443936236505,88.19527384688442
72.3511989811648,0.04481915708358594,100.09350318195398,92.43156689287596
77.56633716556678,0.04607300301830044,103.90493506894148,85.93990093821668
75.4853877467402,0.04856797481171873,101.65348952920463,85.67967109340154
79.84322495266444,0.04925555526980317,101.60094871922166,81.98186363167882
71.48973453061323,0.0645525908727396,102.2444142880868,93.9210953353416
73.36168926701116,0.05103891771614599,98.72233376443846,93.90805786679672
73.0394592343392,0.06465280154431159,103.07822357484054,89.26275530127975
67.68242525933941,0.04838566839782835,100.84847142692908,100.0
76.48060138532288,0.05157270380632181,102.34096123448242,88.80770579620757
76.30527636089944,0.010035986309357849,98.85628553391969,96.54933862235333
75.02556728321231,0.06832655349404963,97.89248246796787,86.02452024103856
73.82706433312427,0.05692976951795986,102.63577931605006,92.11963200074976
67.92314628974793,0.06996020219719305,101.75281905219504,98.74788184509083
72.89677338617321,-0.007925107563873782,99.19589689128497,100.0
73.28642741736616,0.09176749409561455,99.26067383745061,88.37260813479263
70.9886136538919,0.04720820743689653,103.25086956882954,100.0
74.19357144166996,0.07216365633475033,98.62117621426535,85.72092091009519
77.02025428407269,0.029201881457489386,104.28534590651192,90.84194977490294
84.43092950605265,0.0622554781012514,99.19875853070427,66.10076228012711
75.8728890641592,0.028931688736526878,102.27678385121676,93.61266474672757
76.28775195361382,0.0375246207860839,100.34276304850204,90.82077876128066
74.62777042116916,0.08828062707733572,102.20637486216468,79.3487010631302
65.4061439235048,0.04618635198473307,99.91177199577162,100.0
74.86743062275391,0.05434865746359446,100.6744141878554,88.82912946828574
75.30115104970513,0.06740135461377508,101.08183835079144,85.31570748355308
87.31621056242643,0.0599136377594521,98.99562508843705,60.9658974524191
74.03819517609439,0.05300837810287153,102.48164869084025,92.09989148594127
76.50773671166806,0.057299220049324515,99.97357286705683,86.02762978468002
74.82644115147379,0.0980683117047655,100.54280016931996,80.34491709214228
69.15660981190234,0.0488476240593283,99.01130125078298,100.0
80.7141140725751,0.05402198093429935,95.87533268240938,79.86478992082306
78.75966516343387,0.07101308792015225,100.61794447479966,81.58886631527841
78.95515973521523,0.07211051865915968,105.82523084322582,76.70045383004452
70.4530627260263,0.07374060611120761,102.56920857579605,93.12141949139622
82.0139715546805,0.06277460444058369,100.9614792405312,74.39955133334627
67.9907446860386,0.02713990174539033,100.47421834158347,100.0
77.93428546900135,0.08266863064602192,101.04493178562409,77.31890853146645
85.95227812904989,0.02707309213962624,102.09423823035041,74.16013161742433
70.04731837434656,0.056052709304780665,98.6383743693823,94.87610921533617
72.16851135198614,0.03491448299961285,103.22864338933775,100.0
75.4982568254382,0.04871723306814015,102.43076263088248,89.40540078415424
72.48262172941901,0.056575248206069614,102.43637145141587,92.8967206108237
67.24668284466934,0.056427144309005466,101.87695147761946,100.0
75.34281487403014,0.058438415084705694,101.03923331538797,87.55154594503962
69.68848143136948,0.08227422538117295,102.34572247193364,90.70578945413659
77.36796215317591,0.059070686030279596,102.18362826748276,86.43981494249873
70.40287882883098,0.04511686729418703,100.29191857811796,100.0
82.7496720250877,0.06928174336576715,99.8527964542062,71.53031153756591
71.08373353831881,0.07378940977849281,101.20371259052398,94.9777505088119
73.38969241897162,0.025447843697260154,104.09804030299037,96.08872150748412
79.06758608684835,0.06194800139699716,98.5217858486922,80.42217134497432
68.84567841783023,0.06402345484621796,98.06494946849512,98.96867001329836
76.13729967302065,0.044048729932800165,101.32952168247303,90.60919621783165
81.53571377141213,0.0775141362662324,101.10177540371204,67.17129036322626
66.96258382719387,0.04699888825934947,101.34668332874082,100.0
75.92316929266153,0.05251152906943085,101.487906395817,86.44571428922286
76.29941397124212,0.04653856351432261,100.55359549073039,88.95798525591955
78.90911435888655,0.05031158095162935,103.97972687720416,83.05954346663742
68.81524644560959,0.028074498262095966,97.79819204304697,100.0
68.39771693457863,0.021198982348114116,99.3430059504395,100.0
77.60970782808448,0.08189010126449944,100.7934904797019,78.1812333538165
76.48492336616593,0.033060773033633445,97.71362237769166,88.62471420631104
76.25246425172938,0.030172153010873858,100.64829119113585,93.14460828527073
76.73224104748488,0.006932197727925707,104.32294033145604,94.4106639585502
71.59987639210755,0.037220765046209955,101.04177297659193,93.54211776789964
76.16126848580502,0.023538204131850034,101.46140181143737,92.22017808877632
76.46536236649341,0.0828403032027274,98.47967046965483,78.42412698477976
71.42824290986816,0.07019634178685269,99.76727718392104,89.84169419197126
84.32887255572378,0.03623699309644553,100.24960723935213,71.6200029928182
77.36916460455893,0.09504871610688617,100.36456980648754,76.47074451317084
69.04348251398676,0.0696353097398319,103.56328759000753,100.0
78.28276804316914,0.04350337232982755,102.11538212145025,85.36015839542617
70.1265916488634,1.1885702528538489e-05,98.77708408612594,100.0
78.93542301871226,0.09581885145181485,101.49300955686401,73.87719206255392
80.79297789503703,0.022208550664728082,101.99644349699356,83.05415345654235
70.89658840824144,0.017092025060862166,103.28029807704253,100.0
79.8168806462216,0.07045140864019281,104.16108137313675,73.96723164305226
77.06390463468249,0.09879504812678547,98.96981161634426,72.6095234917745
79.11030079997245,0.07768545637021036,99.37828497757933,75.46245971289414
84.48396491326974,0.061278182401047196,98.48484428217077,69.09254067309135
73.77305941998564,0.06189508683330572,100.53196028178604,89.88161645333778
71.23131917821256,0.06706831117560616,101.93271674889267,93.29176555255893
70.55242785187238,0.0651785717957353,102.9746690331782,93.9679378157146
70.92094857517282,0.055623828479387516,100.84809795271495,98.24982953714681
74.61449145292949,0.05208402207903753,100.36030495349031,87.71994883844036
76.70575987408321,0.04874813744200956,101.30351598449748,88.39090859111862
76.38345399665009,0.03492070822266648,99.32971419673996,88.24451632431308
79.13591624518011,0.04438649846266452,105.17907744338955,81.3459973424008
75.06500945938953,0.016140863716092295,97.78467794576389,93.70823795677113
82.26767038578659,0.048033207464105006,101.36948115779145,74.85521344183455
73.67671583381022,0.030228177856981654,105.04721243845928,98.55155767793919
88.6008458329481,0.027928213655684583,101.01359968912,68.2439217798548
78.12833673882503,0.05359788302306957,100.619921929997,84.9805941417921
70.71421221791859,0.07784004572689199,100.28510915437914,94.04785151065231
69.64553750969444,0.06836633212004627,100.63921663647518,94.82831889954113
77.41236207621593,0.01858998792753646,103.74569694935306,90.79569981340573
73.88268607337075,0.030207437268593252,96.57627617734099,94.63274214130493
78.57000247046047,0.06881542375976432,104.06686740259265,81.75806011520429
77.36618812286773,0.03035025212923381,98.15208569509971,86.80399603556516
74.63585543671563,0.04550733700005951,100.46669534153116,93.41421710533507
70.76603140965797,0.06100104198049104,100.14151115940268,98.0536365248034
67.42576387657067,0.030633110902727297,102.17710653954144,100.0
72.76742523966489,0.0521075101229192,97.8037512962325,93.22427431082738
79.28199397161737,0.023319490101635913,101.92434533216388,88.1967583555984
76.07046872065102,0.03797264712097573,105.04861924657371,94.8278368075805
68.77130610644006,0.056395638682850746,98.27365199081439,99.94297669668234
75.86590462925591,0.018140125329366617,101.37941233522079,91.57008518055015
76.92658689864419,0.058809494759207985,99.67603564440678,80.62490718305449
70.58071281899433,0.04960724402146638,101.85177441238608,100.0
75.76862552972764,0.06104979908834296,101.0382955548315,82.48648870675896
75.29104359223,0.05447828268129323,99.71702618191138,87.77761817340551
69.28514851084688,0.0772828085994769,101.97574456974215,96.84776763248878
76.78893680174141,0.052504490052958146,104.60869621957349,86.29157945958538
77.80392263184117,0.04141188917749494,100.6181924165454,86.960666629187
80.41525621587638,0.05244595006064568,102.43951588429637,79.1248772677198
80.26901026017451,0.06086596058072776,98.41345408425767,79.84651899013221
68.11165316021454,0.050977201406514086,99.08712724636398,100.0
70.31087480042439,0.05081183382407765,101.94481255576075,97.86189335741864
77.5751763360433,0.035960166243864895,103.96823205707193,86.11229518859876
77.56892975456104,0.03674198164898104,101.71122669757132,89.17412778480694
77.57523843153024,0.021947894564006133,100.3738839389537,92.26074140092842
94.26365745327361,0.08499153486373878,100.99858281084671,45.37682875934204
77.85445255346583,0.025122735292174302,98.49918453206057,91.63353516841333
80.677828200903,0.036141896044081856,102.20903065271074,79.05988265462489
79.770008817466,0.03563185468861606,102.76466612464682,86.66805965044705
78.256956256529,0.06789848753888883,100.09581933433384,82.95286722258876
73.42365377679828,0.04410100643415945,100.059915704481,95.80373515406305
78.79484610246634,0.07495484145347468,101.53175645930409,80.9829373219145
71.13587392731215,0.03653018751512263,100.12656052791881,97.10896822699563
73.81590696629996,0.05557988324447604,100.86773477074836,90.20331314597956
72.57318226085448,0.03329305893480486,105.19944357833303,96.72441676996615
75.40937069693162,0.09290298255546778,100.50594859850801,82.04362074255789
86.57329283336755,0.026248031619409747,100.28331969595756,69.50352653017868
65.66367403704126,0.05619641420454055,99.70491638872969,100.0
78.43130095187257,0.06267553761864197,102.48838394299987,83.34336286051989
66.93642064405174,0.05827598194902997,100.63755165356379,100.0
72.64034067105283,0.04629424682244584,99.70125392335714,96.02797134072819
80.44475298483682,0.04740358600533148,103.64260806454602,77.65403014745856
75.32140009547732,0.05087622943958219,103.83920600902728,87.4882519888782
69.61127611035347,0.04705995996743023,99.79915286852258,100.0
71.42348145370016,0.0692775823358982,97.26692009727877,94.8562186332307
78.39798874467338,0.09421046003182704,103.01502737967384,74.28389146553273
71.34816684141431,0.03885016429984333,99.63074034847999,98.69781436567094
76.08229294790988,0.022603940408418444,102.58125119832553,89.2630102762738
75.22785919951907,0.048234359032974905,97.05979236457632,87.75570495699799
71.74199826197092,0.10159418675308637,102.78519467659862,90.02000429972034
85.71972044662662,0.03392650864060538,98.57765614143844,69.21434623662073
78.16959511159006,0.08278233610888136,102.46152823813306,77.48330219748577
64.87428706671196,0.08355401628152881,101.02854613567287,100.0
75.93227157384713,0.03892823516584011,99.0921211612067,87.83996448313313
71.69106767615806,0.06137966158370551,100.18592737414644,94.71135328050495
79.26216667398111,0.08256793246257077,102.3726369139134,76.83791123454493
71.0373963078365,0.04241744518025026,101.21178890623047,99.46671699209143
74.4263177926655,0.045928392797952765,102.16882596094497,97.69849196641198
77.52493639490228,0.03836638172102713,104.95288116903097,83.93965234823362
79.32877597085061,0.029704865386142663,97.87151677657789,87.518932040838
68.99851796472112,0.03701444909867986,104.23442514993725,100.0
73.32749382079525,0.025521194664754873,101.20871187504643,99.78461373513187
72.62527344419522,0.05068166936518453,99.20243190335374,95.49573354197116
71.73335383713145,0.034600535378827166,98.33937274852202,98.14687285575168
83.82727120140548,0.054675718235814956,100.62175921844593,71.86830673494474
77.02490855480478,0.018882087075927458,102.84330022384891,88.45796257240838
68.69558022832477,0.056617604644289145,100.74490175924493,100.0
79.58930973527389,0.06667057923217849,104.0223098604947,78.08358161499758
85.61078098506317,0.010125287148570895,98.09764861989689,78.03070093744567
80.16232630275573,0.05748113139695145,100.9758221043079,80.29535776527256
67.40315017022994,0.07455337984946585,98.49521311117377,100.0
72.57882963566874,0.025807179626175892,101.72726376524993,99.97708364302389
81.33455574593312,0.08345144773675407,102.7737747801946,68.87846228746037
71.4616526719061,0.058380380187320904,100.1584764126379,93.97617709142553
77.21909714073114,0.03589976288483183,95.79157228674573,90.75532238192602
78.87317026714669,0.048884618446845884,101.39789629359299,85.3494065877494
70.36534764210958,0.06116653825043445,101.87347710346702,96.55977619306984
74.702373219691,0.05152010782824823,101.8085895099234,90.38323748947491
58.79366329965464,0.06077511984892739,103.4715643836443,100.0
69.87806179332856,0.03158652813841267,98.8578926407019,100.0
73.7371592430342,0.05338721648072156,102.3604322109009,93.17907186517084
68.76108409017576,0.021725710061900397,103.38501502495595,100.0
83.16205651965818,0.047775478773025994,97.44282483198697,72.36414505171896
67.84929311019684,0.031921847170704204,101.63930365183795,100.0
72.79977756651508,0.03528940114820467,99.99164033798466,97.80545648238007
75.65370288643045,0.07472186350420876,100.83695465379671,85.04120060174888
82.20636644533057,0.07182620241188538,101.69535296707667,70.79069135186651
67.82068924410281,0.06218276241814354,100.0255428717729,100.0
80.8158187607748,0.028153744706548422,99.64858384167678,84.50042859498785
75.05116530509794,0.043671831006103966,101.06830483497605,92.60557391367449
70.09245674476024,0.07426195399958367,98.8255081222744,93.13014750943533
77.31051737131635,0.0528343382727981,98.82834974222963,87.52298320501868
75.99529847786735,0.09638659079963388,102.35874656591301,81.07248230273173
71.99891561420603,0.057866356787887444,98.70241192968268,94.69749040850606
75.3490104249501,0.053840982329800634,102.33262500181843,88.69297840889175
73.0734320156912,0.043817670715949976,101.9251825857079,96.19771736765942
75.56758672625624,0.05267081809564565,97.54838654241881,86.60725678784587
78.31065337260523,0.046950603272389126,99.64487069532869,84.04863555863987
82.93008408072676,0.06416217353377181,103.38821880609474,67.00263004257377
68.81092250586576,0.06913404633589168,99.03766893772064,100.0
85.66516687328134,0.03428021078984102,100.07119147538123,68.6906376505854
65.23956100238749,0.02337534092884444,101.92412178650379,100.0
74.24107452482208,0.01327589253793407,102.5667810185652,98.20243225483613
77.94158603242288,0.060159826538250874,100.49692222791101,81.66152866364172
76.40495933867517,0.02793266787652253,99.80497961061671,90.34807993517614
71.88650240089703,0.006942188140950344,103.84473972339701,100.0
73.95938874821363,0.05777157209061928,104.47779932759516,93.36397077574497
72.53499532670584,0.09985999034865581,102.95771610156359,79.982393963787
72.05317621527894,0.04987858176920214,101.17063628513004,98.47186198777807
79.24801048510513,0.06676981548903284,99.38346855671814,78.82606289418659
76.78507742982524,0.051636587170951306,99.33911118688687,83.68848441044483
71.53545202369673,0.04802220693617715,102.04502821053151,95.17402977927263
79.49799937716625,0.06838152965975537,101.83679644177737,80.68048136813283
76.53649760438304,0.04419450911622698,103.80319718589286,86.19708920810305
79.06431059419481,0.05534784628143806,102.30090018507228,78.49510853413086
78.14814420961807,0.05643395612392028,97.99383939648037,84.69154944070927
70.85502494538964,0.036638190927139026,103.10389523544583,100.0
72.19909479901516,0.06984084699073045,99.00387874537117,89.7577898507508
78.7364680256163,0.04650080486609183,100.23205745609529,83.66015292635826
78.05185132716733,0.03488509681014311,101.5004004125034,84.86777261635616
74.89549203017926,0.06073019687140807,104.99133497956792,90.26461936220508
75.58663691654391,0.032030640364179255,107.21983711201072,94.5433400238226
81.38832447894212,0.050563623147382566,102.21344611827237,78.17463881028313
72.04214305582084,0.04981762006711593,100.63360676255922,96.67551199742917
77.7354869058502,0.07171791131663156,102.0690112969611,83.70782017470805
73.98903673783053,0.059493964657599055,102.77531085174768,90.12250624759558
73.9115939838639,0.049499460825097125,100.35866474888562,89.91317161641119
80.49388425993595,0.06635532598400574,104.59042271182464,76.64011410899155
79.12708174494014,0.07780415098034626,101.4601415183828,80.3571004131247
79.06754818000319,0.061156206127037246,101.99548617818279,77.60414342821448
81.52739403577165,0.05020705239686762,102.33184850410892,76.18087591569521
75.1050192081638,0.023763275352996813,101.84317322122891,95.87019858927596
78.40976485647482,0.02869772673849255,102.67788100093922,87.33311524134037
73.44866621703272,0.04389550591290665,99.76549362690615,92.3589592225986
76.62083176244221,0.03780975595681434,99.88339649210793,91.44010099621366
74.34928472816158,0.04626057394029108,98.7996915340566,96.68939719965314
75.48497982496359,0.051132998497942145,101.87900246124045,89.19570356853221
77.97578512718457,0.06059385508713462,102.55787300702423,80.12152214873194
70.90889658383264,0.04859002443881818,101.91554573230377,95.36628089446413
85.4619363784273,0.05973003287652404,104.34898486669508,67.64607263028296
69.96991309250149,0.05128948829620241,100.98880796234191,100.0
68.92905693606134,0.010490668672922573,102.33748331118503,100.0
80.79055436750033,0.031213292123624916,98.81659824772137,82.17142515843665
78.95831346981468,0.04711824888556769,100.2258005950512,81.48117997967849
78.12059908526078,0.02580610514317785,102.39107551513156,86.4132535354067
78.1417275463214,0.0619985745999241,102.6982042214863,82.98633264002214
74.93876613576543,0.08061501664687395,100.41206610467164,85.8270076418655
70.51372814257084,0.07437523703394633,100.85680149628386,91.00603673468758
75.37902279096863,0.045731142581395844,97.96425250663839,93.27540385814494
71.61419144243945,0.07981452273699904,100.28594159838678,91.9568550095093
79.87559866708875,0.05297334914404223,102.78076632703957,82.45332212730564
74.2647130924893,0.04325828057763922,102.15041003221313,90.13466220252333
70.87251401603744,0.037731946729181204,102.00133144276242,97.97693431125799
73.39307079173503,0.04395060627023743,101.09954737436192,94.12579854294786
77.06465727137812,0.04223646362917543,101.01412631725636,88.42896158519906
72.18137723598012,0.05340832444750976,99.67935772105311,98.54830228439174
70.88889802216784,0.053211479620997294,102.39765684040506,98.99206585909513
76.21843605745956,0.05006092040306829,101.84194588877878,87.06558125084317
76.22483285554361,0.058738763394927,101.98403769598559,83.7498431945956
72.46528412314436,0.07381292549572682,99.94793031466484,92.76684780000421
72.64480847190839,0.06899108270882648,96.69331416025751,88.98275566291649
76.16024968678818,0.02030204063100193,103.19430542350739,96.8760296097679
67.75957829251338,-0.0010784226980390943,100.04232508798319,100.0
67.96268112811723,0.06868639822478548,99.27444847191376,100.0
71.40777889373783,0.02266242603169158,102.38695782382798,100.0
73.93276424144076,0.045504691962146335,100.21597472016174,92.75954214580429
76.55453782799002,0.02659773947881281,103.11987276809324,90.53258370460514
82.37678108474776,0.013960391248399609,102.2340118991534,81.7725438261324
79.2882981160101,0.06082925456409576,102.36713864640096,80.11418623991113
74.20030735018287,0.06518310320605294,98.26808857759893,88.71707765085911
74.90491896048655,0.038469791985465615,103.4238879707728,91.30858086579636
69.98735317681096,-0.0018208458428981972,101.52250106246771,100.0
74.90743432003805,0.039075111034950344,100.2614457215076,92.52726321237213
73.5567068053993,0.057836080108050934,101.2867769346845,87.06190217876158
76.61359280169044,0.020421768624517427,97.44752953420335,93.60479690129303
70.86384528223839,0.053667198395583114,101.81730562296134,95.57942730697299
77.59673257120586,0.04969380301654009,98.94125698363585,82.56110944786876
82.66369456501289,0.06158582999202177,98.29465942831293,68.98075617734845
74.45619925771571,0.05239160736828307,97.95528162756422,87.02149501517619
77.0085586104947,0.030538621182368893,103.22537674997984,87.16426353631223
78.45071995855557,0.07393143003328984,99.74147321261442,76.8942321609699
72.99389764057082,0.046829408539460604,104.067455419833,98.55284128601936
76.12046240905208,0.04945390920980137,99.92839707389541,86.81653398814515
75.06296200390898,0.03133464081853608,97.5852840848141,93.96264804101088
75.48838049274416,0.041134354976169796,98.76695112010268,91.59733079229039
71.13495108072267,0.032303945719461984,103.47162324001388,100.0
75.12255087129472,0.04654107880153154,100.68820364412666,90.29179557565226
77.48999145622724,0.08423416960284688,99.9034254070188,75.78259563977764
82.2557180389752,0.022561977141372876,101.32003645170558,83.87802359033344
79.79635413042604,0.01772877204246518,102.00356547233508,90.47593061793066
85.76591228755778,0.07942340654987218,103.23479763180492,59.21817672666462
71.16326218555976,0.04581352645696268,103.89699845978585,96.46271315571518
79.36160318360339,0.03661854522680167,100.28046270842182,83.39346390267887
75.91671002869175,0.07079809374792154,98.34790462783593,82.0778856032118
85.94901466608836,0.03788768920526272,100.17306967775345,71.53636393368247
70.95850857322424,0.08652019427093872,101.52056101316577,89.32239959455055
70.80139078909612,0.06355851742678538,99.07248214757878,100.0
72.0030367727799,0.04024177183708595,99.08569817020991,100.0
64.38052137845096,0.09314616426531008,101.68757576309977,100.0
72.3712248915962,0.03788570153993323,100.9026952968591,99.73438243546043
71.20433669223151,0.06484190744018614,101.06559399082317,96.83474597621438
75.75196893238103,0.05598585160812984,99.48300933059986,86.17099683749548
76.70877987888579,0.07603482578797596,100.53919857158847,79.74304059554929
84.38085419607943,0.08123022393453705,99.15153371146339,65.14853294687302
79.75211919093024,0.05064008298131534,102.78039682224957,82.09101727087233
72.11548172168798,0.03493164259307634,103.0704986694475,99.0608288353156
70.50792664325822,0.05919944285878233,97.3076242755238,93.99026517734511
77.45959585753253,0.03644569260495788,99.14097827961518,86.18602087604168
68.3988339648968,0.09026774495053247,98.00694148981984,95.00083735291116
84.15729382927177,0.05273070662165475,99.69995213118621,70.98793980847387
80.89720060360644,0.042693568973757826,100.83312406041928,83.61196935161517
72.65412173947648,0.05369360611729817,98.10070956060294,91.18105941278941
66.43432735454562,0.023057474209406074,99.15628037374937,100.0
81.76936187082707,0.03056771922978697,98.992085255837,83.32595862904505
74.42730077373692,0.07400827815888851,101.41453465879789,90.88664231159404
81.1890815598673,0.036862114420572085,101.1386886740725,79.44061914978306
67.02786170602816,0.02906178034636121,99.55652489332549,100.0
72.00312488523113,0.06073305505054573,101.35364174427879,94.98665993382589
75.02621849859092,0.07371408309325994,99.90663983082547,85.59570984727276
75.2349029688237,0.06437906621330133,100.4566897793479,86.45669041721371
72.74967264260378,0.06992095371611633,104.34690418059708,91.38841475056925
78.11424966173749,0.034864098228610786,103.6809221035807,81.7341888603635
69.66189785308703,0.021563786665163127,98.4008375261448,100.0
74.28810257489353,0.08002667303910974,102.65946483575834,85.67081604971493
75.60147815855949,0.04354640322315729,102.62279310898319,89.64281324469303
77.57219417029374,0.044983339670899056,98.70347342249477,89.95266811667182
78.55807439044445,0.07656388283698116,102.63755528750973,76.22120661413378
69.37678954081065,0.0611246001880132,104.0758638368251,98.215348902646
67.32942914632189,0.059117755441632155,98.75491038751117,100.0
81.38838410949255,0.09330004689802168,99.16499435797147,66.89909979171085
76.66157005989795,0.037129635392397144,103.035322933687,88.15070223585158
71.25756731721724,0.06855680256162475,101.5429906216513,93.47945400637889
82.75575987761262,0.051140262497941694,102.10295255047905,75.94189670944552
75.57837317146429,0.05537184557726514,101.68117843280099,88.18448955632502
80.89648592031914,0.08056936852825064,101.78139184185629,69.50790375940709
75.33759240705055,0.06015671512579248,98.34705574337784,86.22913503448603
85.30373962440993,0.060765921580992664,103.0946354132429,66.0246275685572
83.77670421221602,0.07145014674619604,103.33917998485555,68.00212013588266
73.75517925760464,0.042700945409142294,100.54121851186395,94.80113972022193
79.85785475477178,0.033215806653219875,100.91304610037227,84.47754067158841
78.22687974792574,0.02910381611957933,97.93778499488856,84.17345377213586
81.84315778766174,0.010672868212479966,102.02850951203567,86.30699275730224
70.17538269709948,0.09112414259880644,102.14411488342829,91.929543778033
78.43025729999219,0.02793583268556634,100.87561796600137,90.32138295809017
80.29212243424794,0.04557492752828456,103.24870671974101,81.18916628042854
66.20630256788442,0.04446373400222159,100.33184553804011,100.0
69.08370743667112,0.05614813395618202,102.1292118517872,100.0
64.8038391111995,0.06631474425078594,98.96067132261577,100.0
73.65296582777721,0.06720946976719491,100.95289569825152,90.29667566304217
78.58771127897981,0.038338451228621236,100.65129148419433,84.96105670343033
82.51178526048014,0.04665756572427177,101.45061584408188,80.18978577507913
75.37047390209888,0.055651599009766,100.26094614233328,89.90680663840884
83.14307772785646,0.04502617747632906,100.73705480865667,75.85609789103009
68.09949270892554,0.08214691152039985,102.65209434288302,94.81902344499228
66.48308780322422,0.05981949903276503,100.12647152552357,100.0
74.72226150551691,0.06469755572099635,97.78684579852265,88.2013968090506
76.92032724469654,0.06325762537334825,104.49916780841085,83.79886283147376
74.83652625952953,0.0734694771497065,103.76290815738098,84.40480692098299
64.66278949980062,0.05362043117407414,98.41547460978876,100.0
74.55439980243605,0.02406336104088307,102.37941561049038,99.25578204303848
68.47765249747573,0.057993759035052835,99.99405045889732,100.0
78.3483627441502,0.036972862124163425,101.52697443066212,83.62668506736145
76.83299123048424,0.03942766636500487,101.58844825802699,88.22546661174466
70.30060106836322,0.06172728037510187,100.53118439936736,95.44340882654805
72.43066541331653,0.07476566142867272,99.43246866882721,89.41013705481527
69.70393239055524,0.05042543153472123,99.61891789536747,99.67981758068599
74.68660451363414,0.05617666025197928,99.16761616903752,88.43616775712786
79.77571160250619,0.08404429889270476,99.33635558353912,71.12944627249988
70.07136976832228,0.05481506358977137,100.86564341990129,98.63893838236478
77.52023257758923,0.1020336622836079,99.5684800217785,73.43158711440535
72.3487119081378,0.06131019291263089,102.36410413142524,87.18164022119369
71.03563583868828,0.014784744816883647,103.97449231067185,100.0
74.46484820022721,0.06506683242209066,99.83989351725991,90.23447642356079
69.82378838790314,0.05762316769765556,101.47880900107076,98.07518823481263
72.23175347326409,0.07579505508165492,101.99937022060587,90.41512013662204
69.01061053705575,0.06346362702539918,101.94400454183855,96.94274482617352
84.82362566458195,0.04723088032032453,101.15191053583217,74.29801836239292
75.17631775985865,0.025514035274212688,102.48536483671944,98.33913481498638
71.50137246003708,0.045819534854279496,101.96449790536131,98.14673556556299
76.0698995536711,0.032989590915814,98.5246751553454,93.30934399786567
74.43835975154585,0.03838953100390555,102.73831212877855,93.79594785399505
73.89515200233389,0.06177156808841219,102.77458167453348,87.18193149989793
78.07083350021712,0.08339809008702813,99.47342779164283,76.35506824423281
78.78753855023652,0.05789343059645963,101.0758756708952,81.11009271377894
72.34749426194736,0.026082338759296317,102.36665798562214,99.17944828675913
72.1209087967766,0.05889205336440281,100.58137236084127,93.54246517869615
73.62474151424178,0.07393262973291302,103.14595609553203,87.78119190991562
63.49039417632208,0.03780434191361236,105.72774498923872,100.0
67.42404468900725,0.04731965666654165,99.42802793473004,100.0
81.83437133722262,0.05029376389458395,98.23791079369245,74.15129441384477
83.22483856750642,0.034302033738355206,101.60763719120975,75.25588381906024
73.75481980221811,0.06296560867687719,102.44312501025229,87.32807012878841
77.88278481527882,0.04758103702784437,100.53826725231046,86.67385406324587
76.55625077271768,0.05839064887814056,103.90652132664206,80.99807479525589
90.3944040422762,0.032250156443958,98.3227884005535,65.06834131328986
80.59787455717289,0.04125083399353179,102.38583724606322,83.32678288147355
74.36041204259617,0.06444762715655543,99.78827835848222,87.78528930953134
70.22229779699788,0.04254333695816466,104.4387558124146,95.84046283871672
66.96776839871214,0.0845392770246681,104.98503070633623,98.43398667370751
76.01731817933612,0.04200727628770796,99.46668682443331,89.43554006120854
71.21824627357849,0.05449369451503772,99.90088572818284,94.64357210997765
67.88873145201163,0.0686518166374618,102.7191757739596,99.46173698086791
71.76713557878736,0.02163268534133937,100.22573870042098,100.0
69.59225998192802,0.014783823760384486,100.90917756413552,100.0
83.43570817536282,0.019486873708598106,101.05077684108483,77.38208067879854
79.40819878474726,0.07525168206854364,97.1606536876047,72.93806767760589
74.96013679341691,0.038962837082151064,100.97232450781152,91.63312436151642
82.39972069445012,0.10116398571336505,99.62054445187165,64.54084790972587
75.38684153823809,0.03871504802685223,100.01375435520046,92.47570569288001
70.69357899335868,0.053691026063940744,103.88726400693763,96.80400337535917
82.61562038634828,0.08084219905135752,98.48698621144149,69.62331856775565
77.69455021842329,0.09012185776318246,102.62641037349596,80.45683609063738
69.81376922836772,0.09123007153272797,100.44207413933638,93.75744928160749
74.04830660958196,0.07416732461186284,100.44047966300833,86.97374484380197
70.62190873307621,0.07048125051622925,102.58074379210342,94.29363148849514
68.08600134517832,0.061850538984023665,101.68010258913777,100.0
79.63088773765821,0.06556722152333276,102.14122599443907,79.98606204492131
84.54708320235065,0.03897628567342933,102.93636932106573,71.85594956871023
68.00716213090429,0.033636022331553855,100.33738323363336,100.0
77.81484618345286,0.049932510851780965,99.7755265309845,84.48620126650026
71.74678715439086,0.046596307549501434,98.8296989468844,96.18359579569493
72.56437308117651,0.0409354390134545,99.3491789400421,93.93923493918788
72.03803037880566,0.0639277489491343,106.89818885061744,93.78433845979715
70.68004615160092,0.06910610417141022,103.48935916147357,94.69667891880535
75.24260813972414,0.05176813772583695,98.29785126758395,90.16163711425747
70.84524941794481,0.07955060162110524,98.35508408651286,91.33218022701098
76.3522841288992,0.0271662177173299,101.96373212343698,94.30383079636172
74.74880945275432,0.04612681081440564,102.09452959475594,89.52347136918655
73.80525976566796,0.0356635535879439,102.09776767063472,98.6808503191111
70.462181689792,0.012669267658538805,100.4900884128926,100.0
72.11614334715834,0.04834638628314602,100.7490914799942,96.9679761781679
78.77695612912878,0.04756504983233433,101.65575904831871,83.88393914032882
77.5045859381219,0.08026899486484262,101.17178601258667,77.3459150149059
70.11222377600724,0.06261623369109555,96.56139925450493,98.10109358548843
75.49666152714613,0.029516263513415904,100.54040073884961,95.66246158254488
78.75693561685894,0.08708185132668378,99.29718713147938,70.63612082223725
66.65297359439315,0.07442067391050707,101.35042283781702,100.0
77.71680096189968,0.06164195406937232,106.97051800520683,77.25146562166603
71.68688120527077,0.045470318023003366,101.7349633309486,95.60084437781137
77.8529933429658,0.030811215265530406,100.37294062765521,91.3901029907642
71.18370421728741,0.04255586447857894,102.8436030039545,97.95785460292528
65.9755894966774,0.07177497239408373,101.96537577441842,100.0
66.86228781058419,0.08769172611869219,101.84018898090368,98.3412036971238
75.24042473330691,0.08086487056544378,102.21370118643134,87.48198909662453
76.2986125086074,0.04022301156427452,105.11308712965908,85.69480817551823
70.47841687447796,0.027607651334219777,98.73822312934817,100.0
78.19296229388686,0.05281772493822408,101.94726415362291,86.04539379094071
66.6923996886552,0.01463121268874297,99.14723774003693,100.0
74.66960100676341,0.05646335428369563,102.1110252926845,89.16126468115348
68.94491900118771,0.04704794827402663,99.16262697702781,100.0
71.7408194609892,0.040679269962635156,100.16526637278983,100.0
75.23699335658208,0.018105938654664096,100.40982017152419,99.09371033940143
70.69793317358024,0.06027200213139433,102.95163343868941,97.90762720208512
73.07722227885087,0.039345983206761775,102.83690888788483,94.35155410307107
80.0314640460722,0.02660166328579424,98.50856524710723,84.51868056902067
72.11554065238425,-0.0074452442656329845,101.1098682219997,100.0
79.1784605603257,0.04944970189898728,99.58084029050165,82.4148411087823
69.35146572671191,0.0854450319333949,98.48299017864933,97.11006503615988
77.64902088957642,0.0832251842909574,100.56596589915127,79.81575544493049
82.2078431032895,0.040858074868274565,100.38303442308836,75.25794666579657
62.641777499363556,0.03795575879276439,105.85343297269104,100.0
71.01552372264761,0.05937548512150048,101.8659196507214,96.72011981043099
77.8853606359027,0.030032291216234172,98.24476499849152,89.59695207666559
73.98477306978504,0.05603583799638932,99.87045199165811,93.75636797970927
76.85572936685655,0.06532160556769381,103.0427665908588,81.00105965372103
71.9800740664209,0.07453866447768616,105.17688554573985,91.06046781420804
75.4329489373645,0.04799691847040095,97.82803337552409,88.47180932847238
74.2216138230396,0.04592652499646069,97.2401512297219,89.23574850389774
80.83891030829903,0.03244034826486878,104.74193035074356,82.527529685638
76.27210421650607,0.033462392919202805,101.7792283547418,95.78642608631615
76.68801331037601,0.04547042216196947,99.26341453624727,83.84973345784258
72.94061516938767,0.05734731013632356,102.06925817224487,92.584746411861
72.56196887963753,0.06827169252466499,95.72850452196624,92.5028096059415
72.8372090609019,0.0339364209863931,101.00675101319432,97.78445408422995
76.97226071189148,0.07985377137919043,101.65564234568618,79.85846819534747
72.89507759589868,0.04457752797914863,102.84854027907566,92.69590648548126
76.44887428448206,0.04957265411303128,98.97220809541493,87.65329409430996
85.37700399322719,0.035055766417043534,101.17137432280671,70.72131077610506
79.35562351715846,0.0015151947945411665,99.14915074788082,86.60587059681774
73.3698823391608,0.06768090792722099,101.51076751134863,92.11323817726168
81.00606961081972,0.06473687794184867,99.20930735527395,76.9572568296749
72.95962313489224,0.044373448857635736,100.18379832167956,95.30938591239054
64.80937732411073,0.05133981434449744,99.00836921041954,100.0
69.95956844541298,0.06031878435408199,102.30227248364731,100.0
65.64604039487072,0.018749082862269145,102.71690223331333,100.0
73.24243257979346,0.0394189464530741,100.53075886008517,97.4393806593209
75.09209189594776,0.06588529359243654,101.07647598992006,86.04379308786947
83.38218656137641,0.024914211536615015,98.1028171707329,80.87675204707207
76.63463686882082,0.055871158643332586,100.40064670398642,86.19806598555722
73.90449735595568,0.0228683639075319,100.89959076591651,98.005436393794
79.14702790591744,0.05932859964867053,106.24158618205995,77.30010208100695
63.944323454960575,0.04928717035405033,98.77606594845167,100.0
76.17807279054283,0.017697363681889816,103.92835447750487,92.44047184754749
78.85432596943484,0.07329478708914343,102.99371754693162,76.35582519024464
67.60706877110078,0.035308168464039016,101.56127280898028,100.0
80.71877021603464,0.03379495125971238,104.51724096839027,79.67099945218979
76.69248203747208,0.05401138394461886,101.74421094521372,90.062301942166
72.923560430496,0.07297274698857431,101.77831839133586,92.22100786526995
78.16390933053142,0.029683563620432063,100.89375869396491,91.57620361913925
86.35346428902199,0.05123359699695944,103.44713776483725,64.600561983453
75.90933127529247,0.058576330006611464,103.19293846762177,86.60857894791455
76.24110293150169,0.06386211214526288,99.74864542500758,82.15835645753586
72.70319550229878,0.05352883110554451,98.36150561080247,92.4964530198994
70.75077815267605,0.04265944321833356,100.59403872520869,98.13030108414803
79.15167908272123,0.03344819558702561,99.39992287120471,87.48617073003554
70.71958087045566,0.0517228776609275,100.87295085076929,97.42380337069966
75.35783118609696,0.028557219760287866,103.47487626936828,95.70965234313654
72.61171276617442,-0.008427009669892148,100.08539668982642,100.0
77.39489912873196,0.05873119608315336,100.91435323737684,88.07124003011498
76.66831052643474,0.0680786968217239,101.1160454696168,80.0887511365063
80.18769972128949,0.002741351289163231,102.69686176441057,91.59479677916198
72.44991800572626,0.02980538590580125,96.50622133203079,100.0
73.65062532353315,0.06238308522010396,99.7865994104694,88.27537463285884
70.10618142108846,0.09114990939423398,101.42256738455895,93.57192195192259
72.77853369961944,0.050415874153508164,103.40015791285373,95.03204769611193
76.88650246522425,0.035439941175417315,100.01619510498759,88.68405431456122
78.78494308322676,0.0463420711779032,97.24689458791624,81.51382862402184
70.38917337911187,0.0774975283829637,102.23942289193228,92.28392866228515
79.3480296005283,0.0370807164175093,99.72927522234875,87.98742170701338
81.77818929402476,0.03401615986699493,98.62066668181927,79.64175507646647
77.0671745161185,0.040345129556359355,99.75130922057355,89.36088505955405
84.38397906279033,0.030933427834825757,100.6309492846883,73.46355754411908
71.13105400448214,0.052453406319895916,99.79051067092358,95.68750483461326
68.77672648344291,0.08249356916939121,96.58886788580186,98.11180281773582
66.10639875547861,0.056461585462320586,102.79413239377426,100.0
82.48022155744592,0.04495292995747425,103.54975008255744,75.21854335780277
78.27182828177028,0.04416377462168912,102.30304398267901,84.69164333426608
74.72207664544773,0.018736183826066864,98.72462865915037,97.03135514757128
76.3998431315991,0.06766219554294318,100.59701693210496,83.30968805818085
69.37255476350812,0.048443256059743964,100.98695736954109,100.0
87.22875989808414,0.04639040172818749,102.19758877912382,67.65011136982984
75.64610590987614,0.11386215135689721,102.33668097743616,77.40463299978693
75.54697397302446,0.055975058167313727,99.53165240244302,85.73943280315268
78.62883311949346,0.03496417899809631,101.16399111282712,85.18118776553622
77.40504615868356,0.041472848075889135,101.91456080923048,89.28486379120892
76.11942012139566,0.0729689141839351,103.91164464429353,84.95667129556941
71.04762772277344,0.052265408210755294,102.40901307964944,94.70594400933993
77.35734178567998,0.02123444043365267,102.57811337475104,91.74138814261391
84.41012248237517,0.06838457869150408,101.16765325585872,63.54638879819922
81.7271002307749,0.03663711828922012,103.82091829040701,79.31224568472693
82.96593313319698,0.08746595552435091,101.81952559191899,70.37047666222782
72.44392161784407,0.07160096131429297,99.27782417965285,88.8961790669153
70.0519758987071,0.04105356208682498,103.80673994025038,100.0
74.37106539950176,0.07562032723470226,102.39580654507806,87.66186331720175
75.27862456144348,0.05135711021054807,100.11391195774304,86.08572580458413
80.47095759235474,0.0670554735024444,100.04101406520151,74.38148005503157
66.5376768514259,0.059694656345889496,101.59315109028152,100.0
82.64775159730307,0.03307286690018253,101.92636959053517,76.82135172997855
74.20996050710505,0.03712900335365076,101.39458453126241,93.6823383406378
72.8655946502629,0.07059921635162322,101.62261734688578,91.63733884977961
69.93947812369916,0.043304493357869185,104.39991474915276,100.0
66.72571664067115,0.04192703073516007,103.14308630446978,100.0
79.11585291980957,0.030897548413012944,101.38127118253004,84.9105399192382
75.36658983594202,0.058471981311869224,102.88262116153497,88.31254629628002
68.55019550129472,0.0912504983848629,98.93495219294492,94.40204396023846
68.52460613968192,0.028649341714914546,101.79585409989362,100.0
73.32107650354936,0.05048438913345516,104.61861269946623,92.26710511597429
83.34510762644696,0.07824441110830858,100.56390820921526,67.29576457668527
73.70204324318198,0.0484071721750857,99.30473214276184,90.93456349351489
67.48428523440947,0.05904743592499468,99.69582222281387,100.0
73.77128467957027,0.02875212943706241,98.82073392531522,95.0850030261893
73.63638215126164,0.05856614194415297,99.43047618374459,88.78591440832213
61.515566785292144,0.04625711469990903,100.25898380281994,100.0
74.72852566741093,0.06971459991359727,98.18886596164272,87.025508234174
73.84532734895662,0.07374772103129502,101.03123666789921,89.12554856572491
78.48103182406709,0.10179127284037229,102.8045543475733,71.81743064464116
84.24478047472672,0.061592663464271516,99.18448763970616,70.00801205136575
80.63282514773879,0.05651592633164333,104.03856784728353,78.5327595827411
73.65555654722584,0.05388768603154672,102.02158417705519,92.80089731490216
69.46737045629165,0.042936674143786234,103.06116117124812,100.0
87.8667990162493,0.05676967686923383,99.68433089229572,63.211193558197
75.29609217007244,0.044091971797219416,102.70905045413323,91.31770189252056
75.06964645956474,0.05336921952539229,98.81613219920938,89.20122010960796
74.87937456444999,0.0763519507121592,102.78049500167302,80.79790541192601
75.99042380383928,0.02986914869440718,101.34367867958706,92.36630190138698
74.27819794038028,0.0727975712225809,102.10650243996957,91.30915195351774
72.13168996559882,0.07634230134679731,98.6488107887503,89.74808126192892
72.26570529379804,0.047638629460178425,99.20986031544679,94.4847093246576
74.83623364892001,0.007562902019828108,102.19445643650677,99.56164941761715
72.28287614433117,0.03784356025811135,99.1033039915516,98.49029208064853
71.43577108661418,0.07593989093122219,101.92641258419825,94.32594997136003
75.53215113845948,0.04954263875402236,98.2657243870795,86.51143366045879
73.72511391289572,0.030013955354101788,102.69634842533334,98.00974160853818
82.51996494291345,0.03990450157543565,98.53495337046299,78.16001392158891
61.74515095803494,0.06681240053009106,102.10459987535904,100.0
80.45753425961232,0.06093467136402759,102.251261867292,77.57537184381323
81.23042596248814,0.045221358016606115,99.60645636314085,80.55379143489921
64.63304883795925,0.04266351176370625,102.16405313416945,100.0
73.28656202959826,0.04216483701912356,101.52088452666712,92.70786991283133
73.14279567002104,0.03155179631002995,99.92231628761452,99.04436577146289
67.9624415264109,0.08230751378938883,98.98289063184758,97.4842369792354
71.11091656204562,0.043553590615773206,97.07474861665484,99.21319694878517
69.44712077267086,0.07434317041650994,101.6993000945994,96.38351835335969
83.76135221711812,0.08042632103844903,97.87039445727589,66.09154538047744
79.6783919657373,0.06996621796295921,101.19068839888261,79.03338747014769
81.3577754749708,0.04136759374563903,100.47310356783551,78.84349438123219
78.60836032021618,0.05807460180673219,102.35828555087639,78.92926674145487
69.35474114391386,0.04951608787218168,100.39590900102027,100.0
72.37739866860113,0.031925962785397444,100.34110442730582,99.2173995393392
77.4468728061396,0.056487185634432065,102.4637414085766,86.2672468294285
68.88936095554027,0.02641920417680395,101.67011605816823,100.0
78.56499215086194,0.07375358776923127,101.63231191436556,76.41822758693577
73.79837300920933,0.04070765405403214,101.93853517961705,99.2321030041327
73.12589596225202,0.05402319311745679,97.9288557535858,93.47312007396057
78.55479984101746,0.05566575743092285,102.51357735997397,84.30803030777855
77.2213165574302,0.04482190052591846,102.2249375880272,86.28955791280146
73.1951691709046,0.061733876029505495,98.96663374284701,92.3296049417006
80.79664901682123,0.04050192686754951,100.5118390526516,81.98525360188444
69.59468336200051,0.06742594594914489,100.92138542474474,99.76183350967852
78.07967803472133,0.02308040639506503,100.73100643119653,91.3392992623008
77.96550628984193,0.05252759159092824,101.66771993313706,85.30786310227646
73.45226780343005,0.0887785799811657,103.86273356366237,84.70957493451856
76.63066511121059,0.02999337350788851,103.16353345534566,89.596502992089
68.74443211807349,0.03644510058950297,98.3755616131372,100.0
79.6201350960345,0.0602781569931783,102.2441399806121,80.57035455397748
74.07548931778506,0.05359163563879196,103.65786663907082,90.68525283511829
72.38638489740481,0.05701260198547119,101.7736170413784,95.95505373952491
80.24504612918444,0.05978374260295327,103.18196085037194,80.45839271201282
71.4782815472862,0.0626944293712354,105.02454089140153,92.67190919303367
67.9576935181822,0.07219399683912447,103.04741909221396,97.97197218821815
67.21685413238048,0.058196373138570255,101.49861719128346,100.0
78.0300497567282,0.04517484690762916,103.0901769481695,85.52015644139615
68.59785323751859,0.06345147402405463,101.28977566619378,99.06486469261779
83.77397090992183,0.0879976386979043,101.0478060865699,67.55693579830977
64.59035296058138,0.04734732507234853,100.29717152857253,100.0
83.48228184145019,0.030509413906587173,104.12682671766422,77.01244763226367
76.05508733601309,0.07214161338573946,99.363142668116,80.58968360308889
74.51643444064804,0.04759237672092804,104.06473544935623,88.8170241416633
72.27540456595526,0.006546609079719282,101.99972824748075,100.0
76.99568057176036,0.06694843354300843,98.20138765039611,78.35376089556792
74.81182648787576,0.03929343628092155,101.73529858598285,94.5429345873523
80.5165094100826,0.048189334353916785,96.79994698469675,79.01280662030679
75.5711382433102,0.056639606611380296,102.25101603366207,94.01598813029301
75.75150880730939,0.05380999359558133,102.77046296597798,92.35081616749717
73.18193893893073,0.0641890363427808,99.8152880886959,90.43541671508736
74.71527188139466,0.041290272588603134,101.24709539191116,92.09872771442744
76.5390088444603,0.060262115963521656,104.90831486750058,86.86072214637912
66.44915803671687,0.04480906644832166,99.98850659147612,100.0
68.25907288947144,0.06477620961775006,98.8821848258868,97.25055418263508
78.71632047011357,0.06230734968026107,103.9633268049252,76.53313819301127
75.85432719063971,0.03129122595910809,104.9251743810616,90.78903081579021
74.0800833182366,0.07171964232350064,101.0073913436957,88.6613800651744
75.09216966532696,0.03928073109771904,103.02292607081671,92.95326163081747
76.73790852680835,0.0661611559656229,103.68295183106176,85.43149466322642
72.30120159845319,0.05734574626802681,99.51503153492324,91.52905249275764
71.10847637298843,0.08676367353590245,100.02938832926426,85.79802482090489
75.9792262754884,0.04553068035256296,103.46174902630948,90.6514397691149
70.10813611192484,0.04301366407763605,104.37002855741702,99.52460241469265
77.04126377857236,0.04961160788224535,102.1257617203487,81.95817513762894
66.48708197881079,0.04393640434331449,99.24037129299589,100.0
80.14577818662822,0.065998838038841,104.97412222339888,78.09502739541271
77.36298741206521,0.017673787831268245,99.93805820437608,91.49515334537338
76.28014867156938,0.02892635161707292,100.32972443765709,90.73873556108168
79.91345491972757,0.02864394156841614,101.68467566897924,84.12557738256982
83.32737222231289,0.06900615183947152,104.10832084142955,68.80285966267836
80.07185032509065,0.08421226745163851,102.70795195310444,70.31775163561066
65.79562884334177,0.04791101562925057,101.82973100072383,100.0
68.6021151663215,0.04662356553619979,101.92657706023621,100.0
71.8759071115216,0.05140104326226363,101.08702933728694,96.61133420725707
75.13045525105417,0.0732375660521638,102.11627902903702,85.42769589939253
77.58829510234561,0.03145293731618852,95.94087984461139,86.54252536836432
71.37128093423267,0.054767379654695705,100.4067850818604,95.94095587632418
75.9338338223854,0.0695039525956486,101.48264386983357,79.87741174321378
71.22308533823339,0.06002188339879691,98.69797183276098,95.90640597154461
71.94241098504025,0.05379163233197487,101.77264663562312,98.21456697915166
67.96669451575889,0.07002092185134283,100.59105755802776,97.11416233412945
70.38383376944547,-0.004064645859984742,104.51095139663099,100.0
68.24157697191833,0.06355750639061816,104.14603945042971,100.0
70.12063373511333,0.036918486337451525,100.06838886176368,100.0
80.2682089830392,0.013387342062870865,100.69832457686661,85.88966438874712
70.25300555584029,0.060224051990499614,100.85210486878321,96.0646778316877
88.16191032418695,0.07747317090325916,100.09668104768076,54.243698886142106
77.46658950440445,0.047251029707446164,101.39004996805626,85.82349130831808
75.92418061847437,0.06905749094405877,99.48343586222482,88.424292654527
70.70821109909393,0.08224556515977291,98.73876933012495,92.6891816937869
78.50154939704495,0.07629828907168096,102.24542244780054,77.69268543320648
72.12181086881112,0.08279929058742785,102.25905916844363,89.84068476642615
75.6100490732268,0.06484254982143785,99.39136848068001,85.78920788136162
87.80042269134397,0.05150867277803186,102.7907108615252,62.47139131718543
74.51970050137675,0.01796068376205663,99.73684454166934,99.01502207619059
80.74636663142837,0.04507875023740103,101.50633047607596,79.94303973588656
71.48411787437057,0.03313506809367617,102.64068802522492,100.0
74.82505754751519,0.09341885434995628,100.93277487059257,79.71538198042187
83.85400317817755,0.04648228375135327,101.90948182428227,75.60255275724377
71.86516471106117,0.05246409613568972,99.96714071222486,97.10625684140594
84.06224278998465,0.061029707520809356,100.6070668331438,68.56373124113422
78.53875967727738,0.05087204892744908,100.58828113823932,84.7517205673193
72.18766612052866,0.08390102080861506,99.50684330691952,87.84932192044924
78.1620386952776,0.037547012765310965,100.64645167376844,84.60251307136053
79.86277224813365,0.05389214910474486,97.90276340227251,77.97661944782315
78.10904981108598,0.035150588286039036,100.01769250571579,83.20964561444404
67.14887640054772,0.023599549775585885,100.43024901326066,100.0
71.36431412087566,0.03776461818189429,100.48764049500925,96.05615836519311
73.76240682224248,0.04925926405903176,100.51700510825845,90.16644588117715
74.62783285449977,0.04141395550965481,100.87647160027974,88.31036717091243
78.10336048775339,0.03615158040252288,101.95888303617213,86.39082355840685
75.88850500466627,0.021873650726563325,102.74903414826504,93.54761892481105
68.32327820644949,0.04833788854742611,99.70046954630347,100.0
76.90098925502981,0.01990559251937996,98.59359828922172,90.13174759672323
78.05292872641911,0.06520111927379206,98.9159111755138,78.50945118553008
77.7989522396552,0.05164879505869007,100.02559415761014,85.00107623604474
80.4039036277731,0.020848970010701393,100.29615736436698,83.92129487889653
79.16961077274452,0.04381581845900273,99.46000786760509,83.5303314057827
77.29590039614219,0.03495687188818834,98.40776667150021,86.64632745782951
74.64917144270676,0.05638349020838361,100.08775834505163,89.78708455845192
66.69519533242004,0.0768090089204629,101.36285324022795,100.0
77.14809109566293,0.012496550607085113,102.19005893167113,94.37683928804267
76.03843843581555,0.052300521582948345,99.88515389378335,86.63819117534628
76.35789418597686,0.046797344088667196,100.17400435571314,88.4391407510247
68.61625712089845,0.06342680152900931,99.14660338230537,99.6007951033408
69.59471729795868,0.054263932564753786,100.93712165925045,99.97353926052133
80.26576426666452,0.03496061336522362,99.30314273161837,81.82512668932924
74.80222423071673,0.04361892128666764,102.1462556264824,91.34309686946222
78.40750348686312,0.03407948286393022,97.42826701613178,86.79328315963606
75.1415918806523,0.07152014277197197,100.28074065509507,83.4260702851371
75.14878069747873,0.050426232973438845,101.60221467838349,87.58543435637482
79.69141902988,0.08802381371506016,101.36766903264501,70.23531408956556
72.41977635891313,0.04878678372370759,106.38606732796099,92.20254832842481
75.48060388470492,0.035831864661790745,101.69960004913581,89.43785391379106
72.6886235564748,0.01972571214774346,98.99189080631598,100.0
72.82751886283842,0.0139372064748811,100.80907150582185,99.77194594836318
73.4541393826568,0.01831728113989021,97.4475073330671,100.0
76.11066885816857,0.05534253302022967,100.83880050140648,86.77958317712205
72.60625689168262,0.06017450046459868,99.33388788599848,88.81557769683891
81.2787806278676,0.018376185959357333,102.83078055112033,85.07715272083671
70.52696348890248,0.0679007662815223,99.90091945080893,96.987517057074
74.0656417791932,0.040338778966331215,100.7664681684095,91.81323529867765
72.80134470862913,0.05293586023971099,99.72888431719119,94.65052162058952
82.23488942176867,0.08224441256510849,104.47770270370667,67.36834216862256
75.98277388255788,0.06793678631731065,100.35751446776418,84.64243572491878
80.15922269734317,0.04462938704188336,104.6651140869584,78.22668038302707
67.57219813481514,0.03217615549169425,102.62830352423653,100.0
76.33525132934629,0.006963691973413906,101.96413345467077,95.17112456739869
79.44815397811719,0.0356169336151516,101.73746629463504,83.73284742818562
75.41141994637712,0.045777395223446114,101.7875945964325,89.22632167532731
80.32740187532676,0.030256409456976323,97.14465484130878,80.9258532415061
72.41355774949814,0.04737486065815391,100.4422332116985,94.89811424511068
82.0467372009279,0.05153703765917537,102.69031594236864,76.13770757147061
86.49449061809625,0.045502880363838434,100.90220563305179,67.82065663079473
73.18580719780171,0.03699994838353081,98.18962030639285,96.59339798888885
72.77248739299614,0.05337309343933456,100.89519109884506,92.44017612523234
82.2669223855885,0.058838812991388184,104.40821103251098,76.04182845997768
82.89786072865357,0.02819201845114308,103.49378343106945,76.21352817935468
72.38569986423366,0.0782186475949254,100.87599198126793,90.55999134672103
72.89906591452072,0.048028237354314766,102.90289855411618,96.96000288601553
73.59107695569746,0.05037699245889696,100.26698595926389,93.70426378232348
68.27774744482862,0.06416428846513114,97.59225682634656,100.0
70.40674026757901,0.05466432262527004,99.15106802374089,97.19706084646201
69.97929616623966,0.0690627326782649,104.12577753701639,98.3010364339602
71.16101217447935,0.055742483304036486,100.4520138363414,93.68352913971066
74.8265755630661,0.037751252507191246,100.51323204124996,90.85634985167026
76.1710736626826,0.05723007050412204,100.40032360745023,85.41672304282694
82.75250246407039,0.027125475853586767,104.80827317914601,81.54520741616587
70.00822979630604,0.052171194115530464,104.25191783072412,100.0
79.92161199238292,0.04933540018711079,105.43756046689627,78.35360446079152
73.93005577887246,0.04583766285454921,100.6819095791999,92.35174046057544
74.75268145173783,0.047429249771221385,101.59124897749419,89.78014085408748
78.37409746083301,0.012363019090047223,97.96671490115841,89.35962327585746
69.3863898921885,0.03902550184518078,103.95386885223655,100.0
76.91204873092025,0.0518568980228223,98.66444089746413,83.06103667506804
75.83226104106528,0.05319712783994801,101.43355112752526,90.91361406134858
77.46225632004075,0.02944649718148084,98.80539494473432,90.84264730399157
76.44584321953909,0.07531415681729402,99.82226634652261,84.22720553867043
87.27650069955448,0.032676503035709986,99.3254751379006,67.98581896969854
71.81130007874341,0.06938914401053474,99.78424947864836,92.199689602248
72.34501522499092,0.0585438872374337,99.92175459370205,90.734888473482
71.88429736787617,0.037075453803123944,99.90346241014984,97.76698968948925
72.22261440419872,0.08550621785219024,102.66666782356062,89.44083731645081
71.81306436346742,0.026127263364870403,98.79027441387495,100.0
80.94508265553776,0.06838308347220004,101.44108285402774,72.21890436087956
82.10252123994927,0.07001164636085958,103.43591830461112,71.06161637395901
72.14626853125262,0.03658759581846711,99.9736072709732,98.0873453333363
70.83822213447885,0.07784930600128658,99.56416221850479,89.9621161264
77.35707778193202,0.04499906970802095,100.5389507496395,87.46872897804857
72.23888477859515,0.05577387258559714,103.35945041672142,92.91947526220505
78.16465908877755,0.05520643677542442,101.38821526190671,82.23861376500597
76.01461510425649,0.04731382517058905,99.9375714107848,87.60410601354545
67.42127942501384,0.06621616546319564,101.96775330237608,100.0
82.73752600665031,0.06586977441104426,98.79541570032715,71.33690313352942
83.9793883654776,0.015029360535236388,102.36271902088589,78.60413200486147
71.93605654757806,0.07608680485756306,101.81721461540353,90.16681016877392
73.06149220032007,0.016750160239286514,100.38438305772223,99.07006030814186
76.42932695362452,0.07065092408683316,99.32282840310553,83.65021061695023
76.67228394993512,0.07253410273655167,99.22663815543308,85.455846089804
78.29272136336415,0.02818067139569604,102.06963467269182,88.05819745981074
85.05102269383175,0.04178371424090831,103.45796100497813,73.5334481939771
74.11526386252976,0.027885906630281287,99.72538450594242,93.4118470985773
71.00851377730773,0.0457015793942253,101.91677340710297,99.15817944512703
68.10340385992737,0.043839314316285176,96.82594596279586,100.0
71.3453498002904,0.0655932106453868,99.8307645386856,91.23680841527802
74.83436513563102,0.07620617492239218,100.9378821342582,83.61129192934145
83.97278931758893,0.07791367621579913,99.18063316603633,68.85548479048944
72.41194350481915,0.03875663946843396,99.12698725042081,99.32481675401421
76.11893975819449,0.045815562525109446,99.66444088706223,89.08501742269794
74.91788551963624,0.016331236155581,101.58438545665274,93.83258060983145
80.94196636724043,0.03388259867007623,100.62534196318725,80.94698622872802
87.63466212936811,0.06929703266194916,96.52353753335005,61.47466922667742
72.3456561353984,0.08231165647096464,96.75859969472987,89.19742889416747
72.5528027874089,0.02531302256240156,99.78626964428565,96.14420274574042
80.22080438534536,0.03815071481694211,101.91537317210711,80.14761256988112
78.40945744813156,0.04947188486082146,95.50499031454953,83.15855260327515
84.23353662868017,0.05560322317639214,100.00053964769674,71.48486392639562
77.91964092662982,0.03380792960156708,99.94750428696516,83.00687658422703
73.2035395460647,0.0584812208892818,103.77667555641689,91.57242877905452
77.95327415346155,0.040523213058581684,100.22995637657428,86.27490662111846
80.54351790291454,0.04971095458243442,101.76597796948185,80.66999725471646
79.10241090598682,0.06092568496007399,101.28251428017492,80.99575636448644
77.53637015553649,0.05012844539621876,96.7388670403856,86.06671324730088
80.33337344794577,0.04127228218946863,102.53641443326347,79.47891565281085
80.84647795222837,0.047807803921483386,101.43079301091258,74.92947903699998
81.91079495518764,0.048232740815893294,102.01653727934918,75.74575641232326
78.24354943794822,0.04259977940235745,108.85247541287265,86.9962088940492
74.16440959841573,0.044824078746657954,96.83177412100282,95.49327410888581
75.73356843216662,0.08197294341009434,104.44939329952221,83.55937265824346
81.03254483254179,0.061218388958824775,100.4251049611993,76.54991418875494
70.91532164506381,0.044090393639416796,101.57465780880602,100.0
76.8433665443645,0.06393908809021472,100.90897550939752,82.4132117997065
73.0333059383632,0.043323610204879806,100.15152733320392,95.0085454951904
75.14372411467409,0.07346249275173283,99.86033414352248,88.35819227195792
81.39225931303649,0.05739284384396188,101.65901747114602,73.8517965935509
75.95549534009952,0.04785395711991543,97.96565260665665,91.74777547723758
75.23218274078074,0.05895433851620556,102.50115833504353,87.10071050621329
68.2007192951004,0.018582476958630016,100.1676111902295,100.0
78.7312678301361,0.027464650621803897,98.73986132191928,84.23090419637194
78.22742090570537,0.026121499872018894,100.09997428400837,89.49266661651478
85.8162736165273,0.05285886189527414,103.51429843372514,66.32214011599532
73.461108825235,0.08465029998970183,99.92932982596756,83.31718796774126
76.0957516383197,0.09462600292385265,101.71690723641925,79.32036422341197
76.24691841855378,0.06276102202881514,99.53808744856906,86.97290233432135
82.88726639881737,0.06001688949888914,102.51584369984724,70.53220642540043
74.52352233806523,0.013978845316945224,102.37101547758041,95.15915433956368
76.39510762885169,0.039146524005319566,104.69721766659282,89.19679041256279
78.0394825485827,0.03424432496183523,100.64887210900157,86.8972992529132
75.9330456157818,0.03758304803497768,102.33730960951581,91.71393841654988
72.76783192724736,0.04663712362830421,101.19613507907789,97.03610056257341
75.97044996449154,0.04055818844605746,103.59174356372603,89.82863201926045
80.36815874929886,0.01041400379248425,99.56233522478254,90.89188837249397
69.8674235029447,0.06495820512235068,102.49001062575456,97.72198145871104
75.66484837073438,0.02854513948520387,100.61060540776664,92.26842234947668
71.49939592530413,0.054784937282222994,100.871623645783,92.8210859747415
80.97523314462421,0.09148165339499947,101.18350496889674,69.22788399111934
67.38406547608113,0.031612308168271534,101.50448079285336,100.0
72.20539076364206,-0.0006057504549265916,100.76754191375608,100.0
76.8860593753226,0.044279915562397784,101.42942636634105,88.29686538500896
82.8276201461717,0.07201919269997142,104.15623611512437,67.58218292439709
74.67124869463507,0.08916694908441189,102.97089937123043,83.16862156666957
72.22400236653401,0.025409008110951665,102.7383091849938,100.0
84.40578534720295,0.05993398446473044,100.08892094795226,72.25769513142367
67.75993049791877,0.040693790864398935,99.22151834354335,100.0
64.00597021689958,0.04788103291391729,102.9106011164755,100.0
77.20007225026666,0.1028868669403407,102.75209358505958,75.14265410062887
72.48972887823695,0.019940593432096938,103.94534135150197,100.0
69.89383591434644,0.05507479322989147,99.79203874806154,100.0
78.54178223649677,0.05935386343530867,100.5409026892793,78.38010804498542
76.219003568856,0.07171572649878695,97.72103167494913,82.5199689080967
72.17960684631636,0.05195966306941791,100.21505778787825,93.70371619597121
68.59847800664552,0.05616101079008205,102.99314102115889,100.0
79.36228664140073,0.04216702865156418,100.0670092415436,85.30246533818728
78.2510058897933,0.05538253882490215,102.28095959040165,81.22753188199081
74.50412068110309,0.043136154490051794,100.61899378800437,87.58391900484459
84.23318498023833,0.06243143779712102,101.64811405644312,68.22290099005019
69.64957616836924,0.04260779327912732,98.70461722036866,100.0
67.37237414537631,0.057542007878043734,101.1704188992678,100.0
71.54045965059377,0.049414743726300434,95.01772805819856,97.89250444917353
74.77206991822251,0.07252100501544337,100.62620768367603,85.39167255671735
76.21669724661346,0.04897212552823028,97.73905351256973,85.21411892868744
73.79381971071835,0.014539350635862376,103.41198903309363,100.0
76.76027698257148,0.07523843001427984,102.55481470552903,79.76319641193182
68.74230287904778,0.031885353982747625,101.93334196393216,100.0
82.2188230203663,0.036924673227023606,104.04201245431877,79.3184337305717
74.58924410803715,0.03808677411913016,99.10216695835032,92.04286035499176
80.58647915794064,0.07748876186341636,104.49472639583112,72.1065188166582
76.71362673188852,0.007286515720426094,102.86438312852077,94.92955497891056
77.28376609576893,0.11275497067319988,100.5268894255621,72.40246982977867
77.84883640116102,0.07112113618132104,103.27124029436588,82.31176751247365
77.23854280008658,0.0544647782825832,98.78741297517674,85.00279108279831
78.21361379933772,0.04890211998767428,99.35097167694465,82.32908492597265
81.64576265066216,0.05571108149715314,99.7828205535206,79.3471397695566
75.98260584850735,0.06042244856758677,99.94204458387198,86.0489152525084
78.54501878794257,0.06290431171900114,98.88688471447949,81.86677943225243
74.55132152856386,0.06111208932006897,103.44616613419065,87.45848606396896
82.20058607724737,0.05179161362510498,100.48229119926033,75.96673637597331
71.61803848970365,0.04605323159385348,101.70500993671376,98.1754966841084
84.00470216455408,0.046974534326929766,99.85929726717264,68.8163902213136
74.79921024677829,0.046101834392946385,97.35879339890296,95.21176284877544
67.84612448940976,0.07267540193734129,101.54011471678284,100.0
75.64052207455394,0.06187113444561724,97.17549004916044,85.55033832947669
71.59474171262559,-0.008807772693285601,100.86273190782906,100.0
79.20321774494361,0.06311801553059522,98.26336992233438,79.66508463160082
71.73688010348805,0.0538947238943755,104.97455199846162,95.92069041297759
72.7690828339261,0.04962582487108205,102.82272544434944,95.24800725505783
65.55229634527234,0.04222963093822229,101.21150758254296,100.0
72.73846840375461,0.07248225439972028,103.52741335530933,91.03909429115856
62.88060336685522,0.06895052924245716,99.30736804506853,100.0
67.08048588257138,0.03454244664352782,102.08695875734018,100.0
78.80207328072149,0.0581410457424907,101.39962086743742,78.668333292239
78.92900079325416,0.030566865309174282,101.52804016266734,88.75375105708171
77.12728780892482,0.02240763670422139,103.54470700021353,94.54512616828265
70.16511928435393,0.0374656555082007,102.4649842055596,100.0
74.7614432192901,0.06724786944765518,101.57744732565004,84.78055160540957
74.98198730454716,0.06906250090752174,97.69022512754341,86.70928923570187
69.20817655403728,0.06026170840194586,99.07990740944108,95.36710780515828
82.51699150883576,0.06450191573695994,100.75458213280855,73.1719321476949
79.38681145287836,0.06032356574229917,101.18674474855331,78.0652633494499
73.89517913085169,0.03717036809554096,98.73959255065215,98.62245970883833
75.13442919497265,0.05863845089347881,105.82335335115684,86.45422149132176
76.04191403973776,0.06600819050455364,104.03278811050714,81.33616774367923
64.79132565787855,0.06508582659627149,102.20423664078497,100.0
73.76411308739702,0.07377826742949287,101.14407372256748,83.7651447968731
71.59007876001101,0.06416607694402128,100.5755820601977,95.48882600018834
69.99189995052542,0.05702896415083166,99.09616307995553,94.48024117627018
73.59449853557022,0.07140300476632855,101.15496103703772,88.58731713796017
83.98843263424762,0.049469574815018805,101.51550508028551,67.97359612878861
78.20421430633505,0.03236250697544565,98.51647884903676,86.4784743831675
72.14410505108602,0.046738660721124724,101.6683528344898,99.65081406521209
77.86291390678079,0.03510194710387102,100.68948190235051,87.9750785485358
